Lng,Lat,DOM,followers,totalPrice,square,kitchen,bathRoom,floor,constructionTime
116.400524,39.958938,1.0,20,215.0,43.79,1,1,14,1989
116.434144,39.892211,69.0,20,479.0,47.56,1,1,6,1993
116.416214,39.906904,1.0,17,313.0,57.76,1,1,16,1979
116.411858,39.869364,1.0,0,190.0,90.65,1,1,12,2009
116.448623,39.945062,84.0,58,830.0,82.04,1,1,22,2007
116.417991,39.956806,13.0,64,888.0,100.02,1,1,20,1994
116.455654,39.898084,100.0,48,427.0,50.36,1,1,28,2009
116.446478,39.936531,4.0,1,515.0,55.42,1,1,6,1994
116.453086,39.898397,1.0,1,251.0,61.93,1,1,23,2009
116.435195,39.919148,1.0,3,225.0,44.32,1,1,6,1992
116.420099,39.901616,98.0,93,235.0,30.4,1,1,7,2004
116.411885,39.87098,25.0,38,627.0,106.0,1,1,11,2002
116.41695,39.953993,9.0,21,505.0,45.0,1,1,7,2002
116.437956,39.926419,151.0,158,695.0,74.95,1,1,16,2003
116.411368,39.929449,55.0,84,550.0,54.08,1,1,5,1985
116.420099,39.901616,4.0,54,327.0,29.4,1,1,7,2004
116.426265,39.949747,1.0,11,380.0,54.23,1,1,5,1988
116.404199,39.954132,77.0,66,617.0,59.15,1,1,6,1985
116.430723,39.888924,20.0,34,450.0,47.56,1,1,6,1990
116.407868,39.95802,1.0,27,315.0,60.25,1,1,6,1990
116.442114,39.951182,1.0,0,378.0,80.72,1,1,18,1995
116.426912,39.960779,2.0,0,465.0,40.98,1,1,6,1996
116.435611,39.948432,6.0,20,500.0,60.5,1,1,13,2002
116.411858,39.869364,1.0,25,272.0,71.29,1,1,12,2009
116.427853,39.966824,1.0,0,248.0,54.31,1,1,5,1981
116.432142,39.902354,63.0,9,520.0,59.65,1,1,12,2005
116.416543,39.869811,1.0,47,702.0,150.6,1,2,6,2006
116.426814,39.911701,1.0,7,285.0,54.79,1,1,5,1990
116.415072,39.968084,1.0,20,270.0,56.59,1,1,5,1986
116.427853,39.966824,1.0,0,230.0,45.83,1,1,6,1995
116.445751,39.903761,66.0,26,510.0,73.0,1,1,11,2007
116.4084,39.952188,1.0,0,458.0,98.79,1,1,2,1965
116.402772,39.959887,1.0,3,480.0,70.66,1,1,14,1996
116.445042,39.894679,19.0,14,555.0,62.71,1,1,18,2002
116.435937,39.931833,63.0,28,1098.0,124.95,1,2,6,1998
116.432764,39.932355,41.0,44,1175.0,81.8,1,1,4,2003
116.43345,39.944246,11.0,22,930.0,84.16,1,1,18,1998
116.429768,39.898926,58.0,38,1036.0,93.37,1,1,14,2004
116.411858,39.869364,1.0,27,323.0,78.79,1,1,12,2009
116.43343,39.958449,18.0,33,545.0,55.18,1,1,6,1990
116.437847,39.933684,1.0,0,550.0,71.04,1,1,10,2003
116.446478,39.936531,31.0,11,450.0,46.46,1,1,6,1980
116.428125,39.929202,1.0,2,528.0,77.67,1,1,10,2004
116.434144,39.928568,81.0,95,850.0,91.64,1,1,16,2003
116.416543,39.869811,1.0,5,276.0,63.7,1,1,13,2006
116.421081,39.904828,1.0,15,1380.0,204.51,1,2,10,2004
116.417962,39.949228,36.0,69,481.0,38.42,1,1,6,1988
116.43191,39.919202,3.0,0,470.0,42.26,1,1,6,1990
116.441581,39.953001,1.0,0,500.0,46.0,1,1,6,1995
116.440069,39.902423,1.0,2,370.0,63.18,1,1,11,2003
116.442531,39.89667,1.0,3,420.0,88.06,1,1,16,2008
116.434583,39.931714,30.0,15,905.0,72.98,1,1,5,2003
116.409688,39.958188,1.0,15,540.0,89.31,1,1,19,2006
116.427853,39.966824,1.0,0,255.0,60.11,1,1,5,1986
116.436403,39.931929,1.0,0,1880.0,210.5,1,3,6,1990
116.43349,39.882446,1.0,6,236.0,63.97,1,1,6,1989
116.444518,39.939961,99.0,3,528.0,56.45,1,1,5,1983
116.448524,39.899018,1.0,2,405.0,106.08,1,1,21,2005
116.418248,39.964378,186.0,127,438.0,56.82,1,1,5,1980
116.442354,39.957293,1.0,1,263.0,64.62,1,1,14,1986
116.400737,39.870957,1.0,10,390.0,114.42,1,1,18,1999
116.413838,39.895714,1.0,3,373.0,71.51,1,1,4,2003
116.433451,39.923705,4.0,6,522.0,55.1,1,1,16,2004
116.442354,39.957293,1.0,3,195.0,42.64,1,1,14,1986
116.41524,39.876518,1.0,22,273.0,58.04,1,1,6,1980
116.432142,39.902354,17.0,14,622.0,59.28,1,1,18,2006
116.399108,39.876842,1.0,5,451.0,61.03,1,1,22,2010
116.433451,39.923705,1.0,9,382.0,63.91,1,1,16,2004
116.439746,39.905443,15.0,45,463.0,55.91,1,1,6,1994
116.418248,39.964378,1.0,6,258.0,48.99,1,1,5,1979
116.444673,39.880008,1.0,5,235.0,57.94,1,1,14,2004
116.412478,39.905227,154.0,113,1239.9,189.47,1,2,6,1998
116.420099,39.901616,5.0,22,315.0,28.6,1,1,7,2004
116.400737,39.870957,1.0,0,320.0,107.38,1,1,18,1999
116.444744,39.895252,25.0,22,540.0,61.26,1,1,7,1991
116.432764,39.932355,1.0,2,655.0,67.93,1,1,6,2003
116.435879,39.901966,38.0,8,1260.0,126.0,1,2,17,2004
116.435055,39.941656,1.0,23,493.0,83.93,1,2,8,2003
116.426912,39.960779,26.0,29,408.0,40.98,1,1,6,1996
116.400533,39.962226,7.0,28,650.0,50.34,1,1,6,1980
116.450277,39.950513,59.0,176,473.0,57.26,1,1,17,1991
116.442022,39.893339,49.0,33,446.0,49.87,1,1,5,1978
116.420099,39.901616,1.0,11,166.0,31.5,1,1,7,2004
116.440292,39.901819,1.0,15,228.0,91.59,1,1,4,1960
116.414432,39.977111,9.0,18,462.0,50.0,1,1,20,1995
116.427002,39.962219,22.0,0,618.0,58.5,1,1,6,1996
116.445818,39.945717,1.0,12,348.0,59.94,1,1,6,1986
116.453086,39.898397,121.0,25,450.0,93.0,1,1,23,2009
116.394978,39.963326,13.0,12,450.0,46.87,1,1,17,1990
116.404734,39.960609,1.0,4,350.0,50.38,1,1,6,1990
116.428467,39.902511,1.0,13,418.0,81.07,1,1,17,2004
116.445042,39.894679,1.0,0,186.0,31.36,1,1,12,2002
116.433321,39.906309,91.0,26,500.0,55.8,1,1,14,1980
116.418443,39.866651,5.0,19,340.0,66.1,1,1,6,1984
116.441446,39.943621,251.0,92,449.5,56.4,1,1,18,1991
116.441446,39.943621,4.0,0,650.0,64.02,1,1,18,1991
116.395254,39.872359,38.0,0,425.0,71.0,1,1,19,2001
116.414971,39.934043,2.0,21,660.0,47.3,1,1,10,1988
116.42313,39.922524,13.0,16,470.0,56.78,1,1,9,1990
116.432396,39.951803,1.0,33,633.0,90.38,1,1,10,2003
116.445225,39.888123,2.0,3,400.0,58.94,1,1,5,1965
116.450229,39.946158,1.0,9,282.0,50.96,1,1,21,1992
116.418248,39.964378,1.0,10,540.0,90.03,1,1,5,1979
116.432151,39.905567,111.0,73,830.0,91.07,1,1,16,1999
116.416894,39.894994,3.0,0,645.0,72.0,1,1,6,2002
116.429352,39.904538,1.0,20,1230.0,189.65,1,2,16,2006
116.414971,39.934043,25.0,19,500.0,56.26,1,1,10,1988
116.412788,39.958761,1.0,12,693.0,120.97,1,1,18,1996
116.43343,39.958449,6.0,4,555.0,64.12,1,1,16,1993
116.444857,39.954789,1.0,4,358.0,45.86,1,1,27,2004
116.453086,39.898397,11.0,6,480.0,77.0,1,1,23,2009
116.448623,39.945062,54.0,8,720.0,70.86,1,1,16,2007
116.399108,39.876842,4.0,0,1150.0,91.89,1,1,22,2010
116.45208,39.904622,1.0,1,260.0,63.45,1,1,22,2004
116.432142,39.902354,104.0,63,418.0,31.2,1,1,15,2008
116.42911,39.956494,1.0,9,300.0,60.35,1,1,6,1985
116.441716,39.946158,1.0,13,485.0,113.17,1,1,25,2003
116.411359,39.964549,1.0,11,218.0,43.31,1,1,6,1988
116.429949,39.963187,11.0,13,775.0,84.45,1,1,16,2000
116.426526,39.964952,1.0,27,241.0,38.03,1,1,5,1983
116.399108,39.876842,1.0,3,601.4,91.9,1,1,22,2010
116.4471,39.879796,1.0,7,676.0,113.8,1,1,17,2004
116.402042,39.867879,1.0,25,368.0,87.79,1,2,6,1997
116.429352,39.904538,25.0,5,1450.0,146.76,1,2,12,2006
116.429963,39.963815,1.0,0,550.0,107.41,1,1,21,2006
116.435879,39.901966,63.0,25,468.0,52.18,1,1,17,2004
116.435511,39.946194,31.0,5,627.0,65.07,1,1,16,2003
116.43343,39.958449,1.0,10,334.0,55.39,1,1,6,1982
116.437847,39.933684,70.0,0,1140.0,85.88,1,1,12,2003
116.452901,39.901073,107.0,18,444.0,64.0,1,1,13,2002
116.409047,39.934584,1.0,0,118.0,8.0,0,0,1,2000
116.394978,39.963326,50.0,11,478.0,53.79,1,1,17,1990
116.435236,39.90518,24.0,36,638.0,67.74,1,1,6,1995
116.395254,39.872359,1.0,25,283.8,89.94,1,1,19,2001
116.435611,39.948432,188.0,86,634.0,60.53,1,1,11,2002
116.431111,39.892729,27.0,11,430.0,72.34,1,1,6,1990
116.443355,39.90268,1.0,7,490.0,72.25,1,1,11,2003
116.442022,39.893339,33.0,12,510.0,51.07,1,1,5,1980
116.423426,39.964365,4.0,5,498.0,53.53,1,1,5,1989
116.448524,39.899018,1.0,3,378.0,104.99,1,1,21,2005
116.438785,39.900278,58.0,37,545.0,64.76,1,1,16,2002
116.425446,39.954872,1.0,4,326.0,50.61,1,1,8,1989
116.432142,39.902354,71.0,32,620.0,60.77,1,1,12,2004
116.439371,39.896367,3.0,0,739.0,70.72,1,1,16,1999
116.446448,39.948327,1.0,6,380.0,79.4,1,1,12,1992
116.421118,39.870943,122.0,25,410.0,53.81,1,1,9,1994
116.414991,39.965726,153.0,146,512.0,55.15,1,1,6,1990
116.400766,39.875202,1.0,1,419.0,86.87,1,1,22,1999
116.407868,39.95802,26.0,21,388.0,45.18,1,1,6,1990
116.400533,39.962226,45.0,35,521.0,36.56,1,1,5,1980
116.436201,39.926105,1.0,0,300.0,50.42,1,1,6,2002
116.434565,39.919951,1.0,22,302.0,57.77,1,1,6,1989
116.443175,39.941889,16.0,9,1150.0,134.72,1,2,9,1999
116.432142,39.902354,9.0,16,1070.0,96.24,1,1,13,2006
116.417203,39.966191,68.0,126,800.0,90.88,1,1,6,2006
116.438272,39.91638,256.0,30,2800.0,352.07,1,3,22,2002
116.429768,39.898926,71.0,5,1155.0,114.55,1,2,13,2007
116.417021,39.97634,1.0,0,370.0,148.97,1,2,14,1996
116.411331,39.92122,8.0,0,608.0,59.43,1,1,6,1988
116.437956,39.926419,45.0,88,705.0,74.95,1,1,16,2003
116.447331,39.941506,1.0,8,920.0,175.48,1,2,24,2000
116.43868,39.941436,88.0,40,1048.0,171.2,1,2,22,2001
116.435,39.963418,14.0,10,458.0,56.0,1,1,4,1988
116.437599,39.930061,3.0,11,1085.0,88.25,1,1,15,2009
116.404199,39.954132,5.0,18,670.0,60.43,1,1,6,1985
116.443702,39.900208,1.0,15,292.0,66.32,1,1,18,2005
116.417991,39.956806,1.0,1,320.0,66.33,1,1,16,1994
116.427002,39.962219,1.0,6,255.0,46.13,1,1,6,1996
116.445818,39.945717,1.0,3,456.0,59.43,1,1,5,1986
116.412788,39.958761,16.0,52,1096.0,102.75,1,1,11,2012
116.435132,39.92546,1.0,13,435.0,76.96,1,1,16,2003
116.413053,39.962564,172.0,62,327.5,46.34,1,1,18,1988
116.453086,39.898397,1.0,0,257.0,65.18,1,1,23,2009
116.45208,39.904622,5.0,0,630.0,63.6,1,1,22,2004
116.413838,39.895714,1.0,43,398.0,61.76,1,1,6,2002
116.453086,39.898397,1.0,1,300.0,65.18,1,1,23,2009
116.432142,39.902354,90.0,17,760.0,81.27,1,1,18,2006
116.413053,39.962564,223.0,347,468.0,77.36,1,1,6,1992
116.400524,39.958938,1.0,5,309.0,59.32,1,1,12,1989
116.394978,39.963326,1.0,7,475.0,80.86,1,1,17,1990
116.420099,39.901616,6.0,30,243.0,21.24,1,1,7,2004
116.437281,39.918733,64.0,36,307.0,42.46,1,1,6,1990
116.412213,39.926288,22.0,20,666.0,80.37,1,1,6,1987
116.421081,39.904828,108.0,25,1370.0,156.16,1,2,15,2004
116.418443,39.866651,1.0,126,190.0,50.46,1,1,6,1982
116.414452,39.866869,81.0,347,345.0,49.28,1,1,6,1990
116.428467,39.902511,1.0,1,285.0,56.92,1,1,16,2004
116.435511,39.946194,7.0,28,798.0,65.09,1,1,16,2002
116.421263,39.946757,1.0,0,412.0,53.67,1,1,11,2003
116.429768,39.898926,100.0,35,1150.0,125.67,1,2,14,2004
116.413053,39.962564,22.0,90,706.0,59.1,1,1,6,1990
116.411885,39.87098,7.0,14,800.0,151.93,1,2,11,2002
116.417991,39.956806,1.0,19,395.0,67.57,1,1,9,1985
116.40952,39.874629,1.0,0,200.0,35.28,1,1,5,1970
116.432142,39.902354,88.0,51,694.5,75.56,1,1,13,2006
116.438785,39.900278,1.0,0,218.0,76.46,1,1,18,2002
116.429949,39.963187,1.0,4,265.0,47.75,1,1,18,1993
116.429352,39.904538,8.0,13,753.0,91.37,1,1,16,2006
116.411885,39.87098,1.0,25,460.0,119.86,1,1,11,2002
116.440746,39.920826,257.0,109,520.0,58.05,1,1,17,1990
116.435236,39.90518,1.0,62,420.0,67.77,1,1,6,1995
116.419091,39.967777,32.0,36,468.0,50.09,1,1,6,1990
116.41545,39.97708,1.0,6,451.0,65.82,1,1,6,1996
116.441929,39.934083,91.0,49,438.0,64.12,1,1,16,1987
116.434147,39.953592,1.0,54,491.5,58.28,1,1,6,1990
116.444673,39.880008,1.0,22,620.0,127.01,1,2,16,2004
116.432755,39.916762,217.0,15,1000.0,105.21,1,1,24,2012
116.417993,39.970747,1.0,1,228.0,58.53,1,1,6,1994
116.415072,39.968084,1.0,2,190.0,61.11,1,1,14,1988
116.435055,39.941656,1.0,12,600.0,64.83,1,1,7,2002
116.409988,39.952769,29.0,56,712.0,61.05,1,1,5,1992
116.429248,39.940483,21.0,0,150.0,10.7,0,0,1,1988
116.418443,39.866651,1.0,141,190.0,53.43,1,1,6,1975
116.455654,39.898084,1.0,0,319.0,71.27,1,1,29,2009
116.441581,39.953001,10.0,0,430.0,45.61,1,1,6,1995
116.446448,39.948327,1.0,7,240.0,49.33,1,1,12,1992
116.434144,39.928568,46.0,64,578.0,68.36,1,1,9,2003
116.438026,39.898854,147.0,52,880.0,86.88,1,1,18,2003
116.432388,39.95399,128.0,86,729.0,80.74,1,1,13,2003
116.435055,39.941656,139.0,67,755.0,94.84,1,1,8,2003
116.452901,39.901073,1.0,13,678.0,131.9,1,1,22,2002
116.429963,39.963815,44.0,66,920.0,80.57,1,1,20,2006
116.435055,39.941656,1.0,5,420.0,64.45,1,1,9,2003
116.421182,39.934081,105.0,4,230.0,16.2,0,0,1,1980
116.414971,39.934043,4.0,27,640.0,56.26,1,1,10,1988
116.402567,39.869745,52.0,44,350.0,85.06,1,1,16,1999
116.443702,39.900208,20.0,10,371.0,50.86,1,1,18,2005
116.429963,39.963815,1.0,17,669.0,82.95,1,1,20,2006
116.41696,39.953572,11.0,6,665.0,68.8,1,1,5,1982
116.413053,39.962564,1.0,1,200.0,50.5,1,1,6,1992
116.437676,39.950331,17.0,33,680.0,56.47,1,1,6,2002
116.443376,39.899224,1.0,1,300.0,45.82,1,1,18,2006
116.412788,39.958761,23.0,7,1000.0,120.97,1,1,18,1996
116.427002,39.962219,37.0,79,488.0,45.37,1,1,6,1996
116.434565,39.919951,147.0,70,659.0,59.96,1,1,6,1990
116.437852,39.941438,1.0,50,535.0,88.45,1,1,23,2003
116.419045,39.868693,1.0,1,198.0,61.24,1,1,6,1985
116.435611,39.948432,5.0,38,1088.0,98.42,1,1,14,2002
116.441654,39.912197,137.0,16,800.0,82.26,1,1,14,1989
116.421263,39.946757,40.0,134,982.8,74.75,1,1,11,2003
116.433451,39.923705,1.0,6,370.0,69.86,1,1,8,2004
116.45208,39.904622,15.0,7,446.0,60.57,1,1,22,2004
116.432142,39.902354,170.0,90,711.7,79.18,1,1,16,2004
116.414356,39.869475,1.0,9,298.0,79.0,1,1,13,2005
116.418443,39.866651,1.0,21,180.0,55.77,1,1,6,1980
116.434565,39.919951,5.0,10,476.0,57.77,1,1,6,1989
116.416543,39.869811,1.0,0,170.0,42.19,1,1,11,2005
116.428467,39.902511,7.0,22,621.5,73.4,1,1,18,2004
116.448783,39.894213,1.0,0,344.0,66.54,1,1,20,2004
116.429102,39.950473,1.0,7,495.0,68.95,1,1,5,1982
116.427206,39.883008,1.0,137,158.0,33.06,1,1,5,1980
116.42911,39.956494,1.0,2,430.0,71.37,1,1,16,1992
116.420099,39.901616,44.0,23,302.0,28.48,1,1,7,2004
116.4515,39.904606,1.0,2,470.0,68.62,1,1,21,2003
116.439876,39.920841,14.0,3,930.0,148.51,1,1,18,2005
116.420099,39.901616,14.0,46,483.0,53.31,1,1,6,2003
116.442114,39.951182,1.0,3,319.0,61.11,1,1,14,1990
116.411805,39.9236,64.0,0,480.0,41.99,1,1,6,1987
116.426526,39.964952,2.0,0,720.0,64.36,1,1,11,1990
116.432151,39.905567,1.0,2,580.0,85.39,1,1,16,1999
116.446478,39.936531,13.0,35,480.0,52.21,1,1,6,1994
116.430723,39.888924,39.0,19,519.0,68.56,1,1,6,1990
116.418443,39.866651,1.0,94,145.0,42.59,1,1,6,1982
116.433321,39.906309,1.0,1,228.0,43.84,1,1,12,1980
116.411111,39.952776,317.0,256,2350.0,311.87,1,4,6,2003
116.434007,39.946351,35.0,0,615.0,64.89,1,1,6,2003
116.444619,39.881579,1.0,0,580.0,98.04,1,2,16,2007
116.416543,39.869811,13.0,49,330.0,43.0,1,1,11,2006
116.437841,39.948704,14.0,26,600.0,52.94,1,1,6,2002
116.432835,39.957774,1.0,0,381.0,63.29,1,1,19,2003
116.421118,39.870943,172.0,44,350.0,51.28,1,1,6,1994
116.427002,39.962219,19.0,0,514.0,44.0,1,1,6,1996
116.439746,39.905443,11.0,25,465.0,64.06,1,1,6,1994
116.421263,39.946757,1.0,2,568.0,72.47,1,1,11,2003
116.445042,39.894679,18.0,10,402.0,34.95,1,1,12,2002
116.431111,39.892729,16.0,27,298.0,41.2,1,1,6,1990
116.433451,39.923705,1.0,12,450.0,84.7,1,1,16,2004
116.418443,39.866651,1.0,8,209.0,55.9,1,1,6,1983
116.422866,39.96664,1.0,39,364.0,68.7,1,1,5,1988
116.4515,39.904606,46.0,59,470.0,63.74,1,1,21,2005
116.443376,39.899224,1.0,56,280.0,51.61,1,1,18,2006
116.440513,39.893796,12.0,34,450.0,49.72,1,1,4,1970
116.399108,39.876842,7.0,9,656.0,61.49,1,1,22,2010
116.434147,39.953592,1.0,34,505.0,58.28,1,1,6,1985
116.424796,39.956911,83.0,107,700.0,104.98,0,2,6,2005
116.438112,39.949359,4.0,3,545.0,57.14,1,1,16,2002
116.41148,39.94551,1.0,33,508.0,82.81,1,1,3,1991
116.435055,39.941656,122.0,58,472.0,49.0,1,1,7,2002
116.434144,39.928568,1.0,3,430.0,57.86,1,1,16,2003
116.420099,39.901616,15.0,13,220.0,29.76,1,1,7,2004
116.437599,39.930061,49.0,51,960.0,87.66,1,1,15,2009
116.449846,39.935249,163.0,36,570.0,104.0,1,2,17,2013
116.404558,39.96157,22.0,22,1250.0,104.84,1,1,10,2003
116.448783,39.894213,139.0,91,1045.0,110.79,1,1,24,2008
116.423696,39.904185,57.0,37,380.0,96.0,1,1,16,1996
116.422213,39.968073,2.0,14,500.0,64.17,1,1,6,1996
116.434391,39.919211,1.0,6,313.0,57.65,1,1,6,1988
116.429908,39.893326,1.0,22,387.0,59.46,1,1,6,1990
116.453086,39.898397,1.0,8,385.0,79.39,0,0,23,2009
116.400533,39.962226,15.0,14,733.0,50.34,1,1,6,1980
116.433451,39.923705,183.0,69,660.0,55.1,1,1,16,2004
116.430723,39.888924,1.0,23,234.0,76.12,1,1,6,1990
116.409289,39.88201,1.0,9,300.0,71.89,1,1,6,2001
116.411885,39.87098,1.0,5,335.0,112.77,1,1,11,2002
116.439371,39.896367,2.0,3,590.0,75.3,1,1,16,1999
116.434254,39.935275,1.0,3,705.0,80.63,1,1,6,2003
116.446448,39.948327,12.0,53,331.0,49.33,1,1,12,1992
116.417991,39.956806,7.0,0,500.0,47.6,1,1,11,1985
116.437705,39.898038,110.0,0,935.0,89.99,1,1,18,2005
116.450277,39.950513,37.0,63,380.0,38.07,1,1,20,1992
116.400533,39.962226,19.0,47,660.0,50.42,1,1,6,1980
116.421263,39.946757,1.0,3,350.0,52.34,1,1,11,2002
116.443702,39.900208,4.0,0,458.0,46.93,1,1,18,2005
116.442531,39.89667,115.0,22,445.0,60.49,1,1,16,2008
116.440069,39.902423,1.0,3,895.0,127.28,1,2,9,2003
116.447756,39.896508,1.0,27,220.0,52.04,1,1,6,2004
116.437847,39.933684,22.0,37,712.0,48.23,1,1,10,2003
116.448783,39.894213,1.0,5,220.0,37.27,1,1,24,2008
116.435055,39.941656,121.0,53,615.0,60.54,1,1,8,2003
116.414356,39.869475,5.0,11,505.0,87.62,1,1,10,2005
116.417991,39.956806,64.0,63,385.0,39.29,1,1,9,1985
116.434565,39.919951,1.0,20,575.0,77.99,1,1,6,1989
116.420099,39.901616,1.0,0,142.0,29.22,1,1,7,2004
116.411858,39.869364,1.0,7,233.0,71.65,1,1,12,2009
116.449756,39.934586,48.0,198,546.0,61.95,1,1,5,1992
116.400105,39.869503,14.0,11,626.0,114.82,1,1,18,2000
116.434144,39.928568,49.0,210,481.0,55.47,1,1,6,2003
116.437847,39.933684,6.0,11,580.0,48.04,1,1,10,2003
116.439746,39.905443,107.0,42,983.0,95.33,1,1,6,1994
116.432755,39.953692,1.0,0,630.0,57.04,1,1,5,1988
116.409289,39.88201,57.0,70,480.0,68.31,1,1,6,1979
116.45209,39.906053,140.0,37,800.0,119.14,1,2,22,2013
116.450277,39.950513,1.0,0,206.0,39.81,1,1,6,1985
116.408381,39.874173,1.0,4,210.0,47.18,1,1,12,2002
116.411359,39.964549,4.0,24,515.0,56.63,1,1,6,1988
116.445042,39.894679,1.0,20,285.0,56.29,1,1,12,2002
116.416543,39.869811,1.0,10,708.0,150.81,1,2,9,2005
116.439939,39.887883,5.0,14,428.0,39.54,1,1,5,1976
116.434254,39.935275,1.0,3,546.0,67.86,1,1,6,2003
116.439746,39.905443,50.0,131,550.0,57.75,1,1,6,1994
116.419226,39.908576,1.0,0,539.8,47.7,1,1,5,1975
116.452901,39.901073,1.0,1,400.0,111.0,1,1,22,2002
116.416543,39.869811,20.0,31,600.0,85.47,1,1,11,2005
116.435618,39.929172,1.0,1,380.0,55.06,1,1,6,2003
116.408381,39.874173,14.0,33,390.0,47.11,1,1,12,2003
116.443318,39.942275,114.0,62,680.0,89.28,1,2,10,2003
116.409688,39.958188,1.0,7,450.0,85.46,1,1,16,2006
116.435758,39.930641,1.0,17,320.0,86.1,1,1,5,1988
116.44386,39.939176,1.0,0,365.0,57.85,1,1,16,2007
116.444673,39.880008,144.0,122,420.0,70.0,1,1,14,2004
116.443376,39.899224,23.0,7,423.5,44.8,1,1,15,2006
116.411359,39.964549,15.0,14,502.0,56.64,1,1,5,1988
116.446448,39.948327,1.0,1,213.0,46.73,1,1,12,1992
116.432862,39.948968,1.0,64,618.0,75.16,1,1,14,2003
116.434144,39.892211,114.0,60,355.0,47.56,1,1,6,1993
116.433451,39.923705,261.0,95,733.0,69.53,1,1,10,2004
116.429919,39.950424,1.0,49,345.0,55.64,1,1,6,1994
116.455654,39.898084,6.0,4,223.0,51.12,1,1,29,2009
116.400766,39.875202,135.0,258,710.0,119.17,1,2,22,1999
116.444857,39.954789,7.0,0,1480.0,125.99,1,2,27,2004
116.455654,39.898084,1.0,2,276.0,64.68,1,1,28,2009
116.437281,39.918733,52.0,38,690.0,78.47,1,1,6,1990
116.452901,39.901073,2.0,9,825.0,97.64,1,1,22,2002
116.408381,39.874173,46.0,48,373.0,47.18,1,1,12,2002
116.441446,39.943621,1.0,19,442.0,58.0,1,1,18,1991
116.409688,39.958188,16.0,13,720.0,89.26,1,1,19,2006
116.444278,39.938213,1.0,0,223.0,44.71,1,1,7,1990
116.420099,39.901616,20.0,40,311.0,28.48,1,1,7,2004
116.417993,39.970747,1.0,0,410.0,122.18,1,1,12,1996
116.427853,39.966824,81.0,9,338.0,40.0,1,1,5,1987
116.438026,39.898854,1.0,0,526.0,65.25,1,1,13,2003
116.416214,39.906904,27.0,21,495.0,55.61,1,1,16,1979
116.441608,39.898639,1.0,49,160.0,38.94,1,1,6,1984
116.411885,39.87098,1.0,5,315.0,100.82,1,1,11,2002
116.447331,39.941506,49.0,14,923.0,82.1,1,1,25,2001
116.455654,39.898084,1.0,52,292.0,71.43,1,1,29,2009
116.408381,39.874173,28.0,106,415.0,47.11,1,1,12,2003
116.419078,39.925187,17.0,25,739.8,68.36,1,1,11,1990
116.417991,39.956806,124.0,9,412.0,41.52,1,1,6,1989
116.421577,39.949708,10.0,17,498.0,56.15,1,1,6,1990
116.433321,39.906309,1.0,4,499.0,81.96,1,1,17,1980
116.416543,39.869811,1.0,0,320.0,92.08,1,1,6,2006
116.438785,39.900278,1.0,47,515.0,104.17,1,1,18,2002
116.439746,39.905443,48.0,32,332.0,48.72,1,1,6,1994
116.41148,39.94551,1.0,7,445.0,53.15,1,1,3,1992
116.432142,39.902354,1.0,6,627.0,112.93,1,1,15,2008
116.432142,39.902354,1.0,11,185.0,27.38,1,1,15,2008
116.429768,39.898926,102.0,38,647.5,76.76,1,1,17,2004
116.420099,39.901616,1.0,0,160.0,29.4,1,1,7,2004
116.414971,39.934043,1.0,10,270.0,50.27,1,1,13,1989
116.437956,39.926419,118.0,32,543.0,74.95,1,1,16,2003
116.427853,39.966824,15.0,30,657.0,64.2,1,1,4,1979
116.432142,39.902354,89.0,104,868.0,75.64,1,1,13,2006
116.400766,39.875202,59.0,18,410.0,77.15,1,1,22,1999
116.429949,39.963187,1.0,4,350.0,47.92,1,1,18,1993
116.42097,39.872978,1.0,2,292.5,65.52,1,1,6,1990
116.441608,39.898639,4.0,17,485.0,58.26,1,1,17,1989
116.421648,39.923697,1.0,8,335.0,54.94,1,1,7,1989
116.432151,39.905567,520.0,181,1100.0,192.83,1,2,16,1999
116.411858,39.869364,1.0,0,153.0,45.13,1,1,12,2009
116.441716,39.946158,115.0,25,870.0,138.64,1,2,26,2003
116.413991,39.877346,1.0,12,153.0,49.58,1,1,5,1980
116.432862,39.948968,60.0,17,906.0,81.93,1,1,16,2003
116.443702,39.900208,48.0,13,445.0,48.94,1,1,18,2005
116.436539,39.891265,319.0,36,2045.0,243.76,1,3,6,2003
116.433451,39.923705,121.0,21,718.0,69.59,1,1,11,2004
116.414033,39.926412,1.0,0,257.0,42.8,1,1,5,1987
116.452901,39.901073,1.0,8,620.0,151.63,1,1,22,2002
116.449846,39.935249,1.0,12,406.0,91.21,1,1,17,2013
116.41148,39.94551,1.0,16,495.0,84.44,1,1,6,1987
116.411858,39.869364,1.0,4,333.0,83.93,1,1,12,2009
116.41279,39.868416,1.0,5,208.6,57.96,1,1,6,1987
116.445042,39.894679,8.0,14,523.0,69.61,1,1,14,2000
116.44386,39.939176,14.0,13,663.0,81.93,1,1,14,2007
116.453086,39.898397,172.0,84,400.0,68.68,1,1,23,2009
116.426375,39.880114,5.0,121,318.0,40.36,1,1,12,1991
116.448783,39.894213,93.0,47,1070.0,112.55,1,2,23,2005
116.448876,39.901694,1.0,1,265.0,63.35,1,1,27,2004
116.442114,39.951182,31.0,35,478.0,61.39,1,1,14,1990
116.432142,39.902354,96.0,35,566.0,59.83,1,1,18,2006
116.410078,39.96471,16.0,38,485.0,59.81,1,1,6,1990
116.443376,39.899224,1.0,40,270.0,44.82,1,1,18,2006
116.435618,39.929172,18.0,25,611.0,69.17,1,1,6,2003
116.43131,39.95951,23.0,81,850.0,83.08,1,1,16,2002
116.439939,39.887883,1.0,1,240.0,54.33,1,1,6,1981
116.43343,39.958449,54.0,38,693.0,67.71,1,1,9,1996
116.446448,39.948327,25.0,95,382.0,49.33,1,1,12,1992
116.409688,39.958188,23.0,63,840.0,102.88,1,2,16,2006
116.43868,39.941436,59.0,30,853.5,142.25,1,2,22,2001
116.403511,39.872127,1.0,12,154.1,36.47,1,1,5,1979
116.433451,39.923705,1.0,30,445.0,79.67,1,1,9,2004
116.411359,39.964549,85.0,77,522.0,69.44,1,1,6,1988
116.426912,39.960779,153.0,39,372.0,40.57,1,1,6,1996
116.437847,39.933684,1.0,2,399.5,47.92,1,1,12,2003
116.435758,39.930641,1.0,67,400.0,69.33,1,1,5,1988
116.413714,39.950545,1.0,30,404.5,67.45,1,1,6,1985
116.432619,39.95859,1.0,0,875.0,176.96,1,2,10,2005
116.414582,39.941691,17.0,42,403.0,35.82,1,1,5,1985
116.412689,39.867798,1.0,0,130.0,36.05,1,1,20,1989
116.427853,39.966824,54.0,61,537.0,49.97,1,1,5,1983
116.423426,39.964365,17.0,33,525.0,50.93,1,1,6,1986
116.418876,39.968393,106.0,19,485.0,50.91,1,1,6,1983
116.443175,39.941889,1.0,2,321.0,65.5,1,1,14,1988
116.435236,39.90518,6.0,0,1195.0,202.38,1,2,7,1995
116.421433,39.911996,1.0,9,340.0,52.18,1,1,5,1980
116.414356,39.869475,1.0,3,317.0,90.7,1,1,13,2005
116.45208,39.904622,64.0,29,559.0,72.9,1,1,22,2004
116.426912,39.960779,1.0,0,315.0,55.12,1,1,6,1996
116.452901,39.901073,110.0,11,1050.0,126.48,1,2,14,2002
116.432142,39.902354,13.0,28,755.0,91.29,1,1,17,2004
116.434144,39.928568,33.0,10,650.0,71.68,1,1,8,2003
116.436303,39.92329,68.0,20,773.0,63.16,1,1,6,1994
116.421263,39.946757,25.0,21,946.0,76.53,1,1,10,2002
116.411885,39.87098,1.0,15,360.0,100.82,1,1,11,2002
116.447436,39.897461,40.0,22,528.0,62.31,1,1,6,1995
116.435879,39.901966,4.0,3,437.5,45.1,1,1,18,2004
116.432835,39.957774,66.0,58,439.0,55.81,1,1,19,2003
116.400766,39.875202,1.0,18,399.0,90.01,1,1,22,1999
116.448538,39.939798,125.0,35,520.0,60.11,1,1,6,1984
116.41696,39.953572,7.0,20,706.0,69.58,1,1,6,1982
116.440513,39.893796,14.0,47,442.0,51.15,1,1,6,1985
116.440513,39.893796,6.0,0,656.0,73.71,1,1,6,1985
116.45208,39.904622,47.0,20,600.0,79.0,1,1,22,2004
116.402567,39.869745,1.0,20,330.0,95.11,1,1,16,1999
116.443702,39.900208,15.0,69,609.0,64.54,1,1,18,2005
116.443438,39.905088,1.0,5,568.0,75.16,1,1,7,1990
116.443175,39.941889,1.0,21,440.0,53.31,1,1,6,1988
116.438026,39.898854,55.0,27,535.0,65.25,1,1,13,2003
116.448876,39.901694,1.0,10,273.0,66.35,1,1,27,2004
116.433321,39.906309,57.0,18,770.0,79.23,1,1,14,1980
116.442114,39.951182,59.0,127,628.0,61.39,1,1,14,1990
116.441716,39.946158,1.0,6,310.0,57.78,1,1,25,2003
116.441581,39.953001,1.0,0,297.0,61.95,1,1,6,1995
116.441446,39.943621,1.0,10,325.0,39.93,1,1,18,1991
116.428467,39.902511,46.0,6,500.0,70.25,1,1,16,2004
116.418746,39.940822,12.0,0,746.0,50.63,1,1,5,1982
116.442558,39.897106,9.0,0,582.0,64.68,1,1,15,2008
116.433321,39.906309,1.0,4,288.8,56.75,1,1,12,1980
116.428467,39.902511,1.0,4,783.0,138.64,1,2,11,2001
116.437841,39.948704,1.0,18,770.0,98.44,1,1,14,2002
116.43349,39.882446,45.0,31,524.0,81.8,1,1,6,1989
116.442114,39.951182,38.0,74,630.0,61.11,1,1,14,1990
116.411885,39.87098,1.0,18,395.0,100.82,1,1,11,2002
116.448876,39.901694,16.0,4,445.0,61.03,1,1,21,2004
116.442558,39.897106,1.0,9,320.0,63.08,1,1,15,2008
116.429768,39.898926,7.0,4,1170.0,125.67,1,2,14,2004
116.43164,39.904426,146.0,123,545.0,60.84,1,1,16,2006
116.432142,39.902354,1.0,16,687.0,82.02,1,1,12,2005
116.415072,39.968084,1.0,6,332.0,63.36,1,1,14,1988
116.437847,39.933684,1.0,1,575.0,86.1,1,1,10,2003
116.421263,39.946757,1.0,3,515.0,76.04,1,1,10,2003
116.414452,39.866869,23.0,15,660.0,147.91,1,2,21,2002
116.414432,39.977111,43.0,16,263.0,37.75,1,1,20,1993
116.442531,39.89667,216.0,281,886.0,81.74,1,1,16,2008
116.452901,39.901073,1.0,9,480.0,110.95,1,1,22,2002
116.428467,39.902511,3.0,1,456.0,59.38,1,1,16,2004
116.421263,39.946757,1.0,1,560.0,76.53,1,1,11,2002
116.438112,39.949359,1.0,0,750.0,131.02,1,2,14,2002
116.414356,39.869475,1.0,12,200.0,61.02,1,1,9,2005
116.411885,39.87098,1.0,0,495.0,125.11,1,1,11,2002
116.4515,39.904606,153.0,81,415.0,60.4,1,1,21,2005
116.429492,39.889664,1.0,29,149.5,27.82,1,1,6,1970
116.404305,39.958064,1.0,1,195.0,41.73,1,1,6,1988
116.426912,39.960779,4.0,0,510.0,40.75,1,1,6,1996
116.448876,39.901694,1.0,0,171.0,63.35,1,1,27,2004
116.432142,39.902354,13.0,10,621.0,61.37,1,1,16,2002
116.438112,39.949359,56.0,15,513.0,61.42,1,1,11,2002
116.416187,39.969551,1.0,2,184.1,41.23,1,1,6,1994
116.429427,39.948563,8.0,25,464.0,46.36,1,1,6,1993
116.411359,39.964549,126.0,197,710.0,75.43,1,1,18,1999
116.444345,39.945375,39.0,13,598.0,58.98,1,1,5,1981
116.434144,39.892211,31.0,13,476.3,46.84,1,1,6,1993
116.448477,39.890787,1.0,7,387.0,57.02,1,1,5,1980
116.444857,39.954789,1.0,0,557.0,98.15,1,1,26,2002
116.452836,39.950077,1.0,0,450.0,210.45,1,1,27,2004
116.418443,39.866651,1.0,10,175.0,43.12,1,1,6,1982
116.399108,39.876842,4.0,5,530.0,62.0,1,1,22,2010
116.429949,39.963187,1.0,12,325.0,61.49,1,1,18,1993
116.443355,39.90268,1.0,1,480.0,75.44,1,1,12,2005
116.444673,39.880008,1.0,4,367.0,97.55,1,1,14,2004
116.435055,39.941656,128.0,36,426.0,47.87,1,1,7,2003
116.417962,39.949228,47.0,15,543.0,55.13,1,1,6,1988
116.446477,39.893996,1.0,12,260.0,36.34,1,1,6,1991
116.428467,39.902511,25.0,56,700.0,75.12,1,1,16,2004
116.438583,39.918353,19.0,40,780.0,72.36,1,1,16,1992
116.426526,39.964952,4.0,0,520.0,52.64,1,1,11,1990
116.437956,39.926419,1.0,0,300.0,74.38,1,1,15,2006
116.432142,39.902354,1.0,13,700.0,82.11,1,1,12,2005
116.44905,39.903129,80.0,162,985.0,125.14,1,2,16,2004
116.45208,39.904622,105.0,49,620.0,79.78,1,1,18,2004
116.442114,39.951182,1.0,6,480.0,64.78,1,1,14,1990
116.414356,39.869475,7.0,8,315.0,61.02,1,1,9,2005
116.41524,39.876518,1.0,11,280.5,69.06,1,1,6,1980
116.419288,39.94506,1.0,1,406.0,48.0,1,1,6,1985
116.421058,39.93627,1.0,6,375.0,47.5,1,1,5,1970
116.441521,39.895226,1.0,5,340.0,62.28,1,1,6,1985
116.411331,39.92122,1.0,5,486.0,59.84,1,1,6,1988
116.45208,39.904622,34.0,31,510.0,65.08,1,1,22,2004
116.437281,39.918733,1.0,4,429.4,58.55,1,1,16,1992
116.414971,39.934043,1.0,0,326.5,93.18,1,1,10,1995
116.403478,39.963248,22.0,28,710.0,61.73,1,1,6,1983
116.404412,39.952825,1.0,10,239.0,44.86,1,1,5,1988
116.439371,39.896367,78.0,9,650.0,83.64,1,1,17,1999
116.399108,39.876842,5.0,0,2230.0,205.36,1,2,21,2010
116.447756,39.896508,13.0,0,493.0,52.13,1,1,6,2004
116.399108,39.876842,1.0,0,230.0,60.86,1,1,22,2010
116.413053,39.962564,84.0,17,353.0,33.0,1,1,6,1982
116.428467,39.902511,196.0,128,650.0,75.29,1,1,16,2004
116.418248,39.964378,123.0,32,480.0,58.0,1,1,5,1986
116.443702,39.900208,45.0,20,438.0,57.0,1,1,18,2005
116.444619,39.881579,45.0,22,558.0,62.79,1,1,16,2004
116.414432,39.977111,1.0,4,295.0,59.79,1,1,18,1996
116.414549,39.97239,1.0,1,320.0,65.59,1,1,16,1994
116.446448,39.948327,66.0,48,290.0,46.62,1,1,12,1990
116.400766,39.875202,66.0,63,525.0,74.36,1,1,22,1999
116.411858,39.869364,1.0,16,289.0,77.48,1,1,12,2009
116.441654,39.912197,1.0,11,323.0,47.58,1,1,14,1989
116.448783,39.894213,1.0,0,915.0,146.95,1,2,23,2005
116.448876,39.901694,1.0,0,249.0,63.35,1,1,19,2004
116.431111,39.892729,63.0,48,378.0,39.45,1,1,6,1985
116.420099,39.901616,20.0,40,665.0,53.04,1,1,6,2003
116.432388,39.95399,1.0,0,413.9,83.87,1,1,13,2003
116.432008,39.949336,8.0,17,445.0,46.64,1,1,6,1985
116.444721,39.890475,1.0,52,420.0,82.28,1,1,6,1992
116.434144,39.928568,6.0,26,1014.0,91.64,1,1,16,2003
116.416543,39.869811,1.0,0,560.0,236.0,1,3,11,2005
116.445042,39.894679,104.0,38,400.0,32.34,1,1,12,2002
116.43191,39.919202,54.0,93,392.0,42.26,1,1,6,1990
116.42911,39.956494,58.0,28,510.0,60.68,1,1,6,1994
116.413053,39.962564,1.0,7,205.0,42.0,1,1,6,1988
116.400105,39.869503,76.0,110,524.0,86.68,1,1,12,2011
116.416214,39.906904,1.0,12,460.0,66.47,1,1,16,1990
116.435055,39.941656,1.0,0,410.0,81.75,1,1,6,2003
116.4515,39.904606,1.0,13,230.0,66.01,1,1,21,2005
116.431098,39.927369,1.0,0,74.8,7.8,0,0,1,2010
116.429768,39.898926,82.0,41,690.0,78.42,1,1,14,2004
116.453086,39.898397,46.0,16,480.0,68.19,1,1,23,2009
116.417991,39.956806,1.0,15,355.0,66.33,1,1,16,1994
116.455654,39.898084,8.0,32,500.0,61.61,1,1,28,2009
116.443702,39.900208,1.0,2,225.0,48.94,1,1,18,2005
116.418938,39.946011,22.0,31,795.0,67.31,1,1,6,2003
116.416859,39.870147,1.0,23,295.0,61.5,1,1,6,1985
116.437599,39.930061,3.0,0,928.0,132.31,1,2,11,2009
116.399108,39.876842,1.0,0,600.0,91.98,1,1,22,2010
116.429949,39.963187,36.0,1,829.0,83.27,1,1,17,1998
116.455654,39.898084,102.0,165,410.0,51.04,1,1,29,2009
116.422649,39.925049,54.0,5,560.0,47.59,1,1,5,1986
116.455654,39.898084,39.0,76,628.0,63.75,1,1,18,2009
116.450277,39.950513,1.0,0,350.0,82.51,1,1,20,1992
116.447331,39.941506,1.0,21,563.0,102.98,1,1,24,2000
116.412788,39.958761,2.0,0,608.0,69.0,1,1,18,1993
116.412788,39.958761,1.0,57,440.0,75.06,1,1,18,1988
116.446448,39.948327,113.0,15,302.5,49.33,1,1,12,1992
116.445042,39.894679,1.0,1,775.0,132.83,1,2,18,2002
116.433321,39.906309,1.0,67,325.0,61.04,1,1,14,1980
116.407434,39.93199,238.0,95,595.0,58.62,1,1,3,1985
116.427853,39.966824,1.0,4,312.0,60.59,1,1,6,1988
116.413838,39.895714,1.0,22,277.0,43.21,1,1,6,2000
116.444721,39.890475,40.0,29,660.0,78.24,1,1,4,1960
116.444502,39.935082,10.0,3,483.0,54.95,1,1,5,1988
116.433321,39.906309,1.0,12,250.0,55.1,1,1,14,1980
116.433837,39.927496,1.0,5,520.0,57.27,1,1,5,1990
116.420117,39.907532,4.0,11,585.0,53.29,1,1,13,1979
116.414582,39.941691,24.0,67,758.0,63.73,1,1,5,1985
116.440513,39.893796,1.0,0,318.0,64.88,1,1,6,1983
116.429917,39.954479,1.0,1,324.0,52.67,1,1,6,1983
116.411368,39.929449,10.0,25,664.0,73.44,1,1,5,1985
116.418443,39.866651,1.0,19,213.0,62.97,1,1,6,1983
116.426912,39.960779,1.0,0,250.0,40.58,1,1,6,1996
116.444345,39.945375,15.0,27,568.0,56.48,1,1,5,1983
116.411885,39.87098,23.0,18,900.0,167.26,1,2,11,2002
116.414452,39.866869,28.0,34,223.0,46.23,1,1,6,1990
116.440513,39.893796,175.0,109,454.0,49.72,1,1,3,1965
116.435931,39.919,1.0,13,207.0,41.08,1,1,6,1990
116.437896,39.901842,1.0,6,465.0,80.88,1,1,18,2003
116.421263,39.946757,1.0,0,575.0,74.75,1,1,11,2003
116.419045,39.868693,23.0,0,295.0,36.56,1,1,6,1982
116.423295,39.902249,43.0,15,780.0,112.97,1,1,18,2000
116.437705,39.898038,1.0,5,727.8,123.73,1,2,12,2005
116.443702,39.900208,32.0,4,358.0,50.86,1,1,18,2005
116.426966,39.929506,1.0,0,1350.0,167.55,2,1,14,2008
116.437705,39.898038,1.0,3,580.0,96.58,1,1,15,2005
116.410078,39.96471,1.0,0,290.0,58.02,1,1,6,1990
116.432835,39.957774,107.0,69,958.0,102.57,1,1,19,2003
116.416214,39.906904,148.0,141,530.0,54.08,1,1,16,1979
116.441193,39.900437,1.0,0,738.0,116.75,1,1,10,2006
116.402185,39.961265,1.0,66,525.0,66.03,1,1,11,1992
116.444673,39.880008,1.0,72,293.0,60.8,1,1,16,2004
116.422213,39.968073,7.0,6,380.8,44.94,1,1,6,1996
116.433777,39.886218,4.0,12,382.0,46.99,1,1,6,2000
116.43349,39.882446,1.0,43,319.0,62.4,1,1,6,1989
116.400533,39.962226,51.0,13,578.0,54.38,1,1,6,1980
116.42097,39.872978,1.0,2,208.0,68.98,1,1,6,1980
116.434144,39.892211,1.0,1,210.0,54.87,1,1,6,1993
116.433451,39.923705,37.0,0,660.0,68.0,1,1,16,2004
116.441446,39.943621,126.0,44,403.0,47.0,1,1,18,1990
116.441716,39.946158,1.0,1,690.0,164.75,1,2,25,2003
116.421058,39.93627,1.0,0,165.0,45.88,1,1,5,1985
116.441521,39.895226,1.0,3,280.0,69.43,1,1,16,2007
116.448623,39.945062,46.0,16,580.0,45.0,1,1,22,2007
116.447756,39.896508,46.0,9,480.0,52.13,1,1,6,2004
116.427853,39.966824,1.0,17,352.0,64.64,1,1,4,1979
116.452323,39.900479,7.0,12,520.0,59.42,1,1,16,1980
116.41696,39.953572,238.0,20,735.0,57.0,1,1,5,1982
116.43343,39.958449,39.0,5,550.0,59.04,1,1,16,1993
116.407868,39.95802,31.0,22,440.0,56.88,1,1,7,1989
116.411359,39.964549,1.0,10,360.0,50.35,1,1,6,1988
116.437896,39.901842,6.0,0,548.0,48.54,1,1,18,2003
116.416543,39.869811,34.0,0,908.0,121.0,1,2,11,2005
116.421081,39.904828,1.0,36,845.0,115.15,1,2,15,2006
116.408381,39.874173,20.0,9,550.0,84.46,1,1,12,2003
116.418443,39.866651,1.0,1,173.0,54.85,1,1,6,1984
116.432388,39.95399,34.0,2,640.0,63.06,1,1,13,2003
116.419045,39.868693,1.0,7,180.0,52.66,1,1,6,1985
116.440513,39.893796,51.0,0,590.0,72.08,1,1,3,1965
116.43868,39.941436,55.0,12,1080.0,176.03,1,2,22,2001
116.433451,39.923705,1.0,0,330.0,55.1,1,1,16,2004
116.4515,39.904606,179.0,144,910.0,112.0,1,2,21,2003
116.438069,39.937117,1.0,15,358.0,53.81,1,1,6,1988
116.444345,39.945375,15.0,26,638.0,50.13,1,1,6,1983
116.428536,39.952325,1.0,20,330.0,57.55,1,1,6,1991
116.411359,39.964549,1.0,16,350.0,82.22,1,1,5,1988
116.429885,39.954649,5.0,15,524.0,41.19,1,1,6,1988
116.437676,39.950331,1.0,9,660.0,74.25,1,1,6,2002
116.434287,39.952814,1.0,1,343.8,57.5,1,1,6,1993
116.445562,39.904849,92.0,71,1010.0,182.0,1,2,13,2000
116.404392,39.948535,1.0,3,196.5,35.68,1,1,5,1985
116.440513,39.893796,21.0,36,328.0,31.33,1,1,4,1970
116.426375,39.880114,448.0,265,577.0,64.63,1,1,12,1970
116.43349,39.882446,119.0,131,446.0,63.97,1,1,6,1989
116.446847,39.904164,1.0,1,183.0,38.52,1,1,6,1980
116.41148,39.94551,42.0,72,850.0,75.68,1,1,6,1985
116.420099,39.901616,1.0,0,133.0,31.62,1,1,7,2004
116.41914,39.928339,80.0,80,763.0,91.33,1,1,6,1990
116.417991,39.956806,1.0,5,480.0,80.96,1,1,6,1998
116.42911,39.956494,1.0,4,309.0,60.35,1,1,6,1985
116.447756,39.896508,59.0,82,490.0,69.81,1,1,6,2004
116.406799,39.876431,110.0,208,371.0,50.01,1,1,6,1983
116.400533,39.962226,25.0,2,658.0,57.96,1,1,5,1980
116.441446,39.943621,1.0,0,315.0,57.98,1,1,18,1991
116.435758,39.930641,77.0,17,335.5,43.07,1,1,6,1992
116.423426,39.964365,5.0,0,770.0,64.0,1,1,5,1985
116.421118,39.870943,30.0,45,518.0,60.98,1,1,6,1994
116.413556,39.931842,26.0,46,750.0,57.07,1,1,6,1990
116.412788,39.958761,27.0,45,527.0,64.26,1,1,18,1993
116.45208,39.904622,1.0,2,258.0,60.57,1,1,22,2004
116.406799,39.876431,76.0,68,335.0,54.33,1,1,6,1982
116.434007,39.946351,1.0,6,374.5,66.92,1,1,14,2003
116.414015,39.959857,1.0,0,370.0,162.24,1,3,12,1994
116.443355,39.90268,1.0,1,685.0,112.34,1,1,12,2003
116.415072,39.968084,1.0,1,403.0,84.47,1,1,14,1988
116.399108,39.876842,95.0,100,1030.0,92.25,1,1,22,2010
116.438272,39.91638,13.0,0,1592.0,158.92,1,2,23,2002
116.416543,39.869811,35.0,141,685.0,93.76,1,1,11,2005
116.43349,39.882446,61.0,79,499.0,57.73,1,1,6,1988
116.420099,39.901616,1.0,0,119.8,29.47,1,1,7,2004
116.413838,39.895714,10.0,21,430.0,61.76,1,1,4,2002
116.43343,39.958449,6.0,12,768.0,67.71,1,1,9,1996
116.446448,39.948327,56.0,75,393.6,49.33,1,1,12,1992
116.432835,39.957774,1.0,2,250.0,55.81,1,1,20,2003
116.404263,39.944,1.0,11,503.0,59.63,1,1,5,1985
116.445042,39.894679,1.0,40,281.0,56.29,1,1,12,2002
116.424796,39.956911,109.0,129,817.0,116.74,1,1,6,2005
116.437847,39.933684,56.0,62,880.0,71.2,1,1,12,2003
116.416543,39.869811,1.0,6,325.0,84.96,1,1,9,2005
116.411359,39.964549,1.0,23,288.0,54.4,1,1,6,1988
116.441716,39.946158,1.0,1,325.0,90.04,1,1,26,2003
116.428467,39.902511,36.0,52,621.0,80.74,1,1,16,2004
116.412797,39.867179,82.0,153,408.0,79.39,1,1,18,1990
116.437956,39.926419,1.0,15,568.0,74.95,1,1,16,2003
116.414359,39.924443,33.0,9,523.0,61.37,1,1,6,1989
116.409688,39.958188,145.0,184,365.0,36.31,1,1,17,2006
116.414991,39.965726,149.0,145,525.0,63.73,1,1,6,1990
116.448623,39.945062,1.0,1,532.0,68.39,1,1,17,2008
116.448783,39.894213,26.0,20,975.0,108.5,1,2,23,2005
116.447436,39.897461,107.0,54,610.0,102.9,1,1,6,1995
116.414452,39.866869,120.0,123,525.0,113.3,1,1,14,2001
116.444451,39.943033,105.0,33,480.0,49.69,1,1,5,1979
116.448812,39.949362,1.0,68,620.0,111.06,1,2,5,1996
116.416214,39.906904,1.0,0,100.0,64.08,1,1,12,1979
116.435055,39.941656,115.0,144,965.0,82.95,1,1,6,2002
116.396844,39.872512,3.0,8,333.8,48.21,1,1,6,1992
116.4515,39.904606,39.0,56,560.0,66.17,1,1,21,2004
116.434355,39.933559,25.0,6,920.0,84.76,1,1,6,2003
116.426912,39.960779,48.0,59,459.0,40.57,1,1,6,1996
116.432937,39.951953,6.0,3,1165.0,126.67,1,2,8,2003
116.432142,39.902354,104.0,50,620.0,58.05,1,1,16,2005
116.448477,39.890787,23.0,34,450.0,49.93,1,1,5,1980
116.437847,39.933684,1.0,21,660.0,85.88,1,1,12,2003
116.403511,39.872127,5.0,41,369.0,58.07,1,1,6,1983
116.445401,39.889503,1.0,19,348.0,78.38,1,1,5,1965
116.415004,39.928961,113.0,202,524.0,58.0,1,1,6,1985
116.420952,39.874393,1.0,0,179.0,40.85,1,1,6,1982
116.447783,39.94387,25.0,0,1190.0,98.0,1,2,22,2003
116.435,39.963418,104.0,29,498.0,50.21,1,1,5,1980
116.437956,39.926419,7.0,0,750.0,75.42,1,1,16,2003
116.440069,39.902423,1.0,0,745.0,189.37,1,2,10,2003
116.444518,39.939961,160.0,73,680.0,72.31,1,2,6,1985
116.443702,39.900208,87.0,98,738.0,83.26,1,1,18,2005
116.442531,39.89667,1.0,20,750.0,92.89,1,1,16,2008
116.421118,39.870943,11.0,0,395.0,50.98,1,1,9,1994
116.410078,39.96471,18.0,2,487.8,58.02,1,1,6,1990
116.434144,39.892211,18.0,30,720.0,84.5,1,2,6,1993
116.437847,39.933684,1.0,1,397.0,70.83,1,1,10,2003
116.403511,39.872127,53.0,38,378.0,62.8,1,1,6,1985
116.419086,39.945744,47.0,63,840.0,69.16,1,1,6,2003
116.400105,39.869503,15.0,0,483.0,64.84,1,1,12,2011
116.416543,39.869811,1.0,17,245.0,52.85,1,1,9,2005
116.455654,39.898084,1.0,33,300.0,51.27,1,1,29,2009
116.409688,39.958188,62.0,25,337.0,57.26,1,1,19,2006
116.407868,39.95802,1.0,0,168.0,68.81,1,1,6,1995
116.433722,39.926854,8.0,18,668.0,52.43,1,1,6,2003
116.432862,39.948968,1.0,0,370.0,60.44,1,1,14,2003
116.435611,39.948432,67.0,68,760.0,71.17,1,1,11,2002
116.400687,39.872287,1.0,8,259.0,75.48,1,1,15,2007
116.403697,39.873155,123.0,116,369.0,89.11,1,1,6,1994
116.41449,39.879802,44.0,170,377.0,49.35,1,1,6,1970
116.421118,39.870943,1.0,3,330.0,61.12,1,1,6,1994
116.429352,39.904538,1.0,11,306.0,61.99,1,1,16,2006
116.400105,39.869503,30.0,44,736.0,147.76,1,1,18,2000
116.452323,39.900479,88.0,1,603.8,69.27,1,1,16,1980
116.446448,39.948327,87.0,10,320.0,49.39,1,1,12,1992
116.414359,39.924443,1.0,6,259.0,45.73,1,1,6,1989
116.402772,39.959887,116.0,55,730.0,79.41,1,1,6,1992
116.427002,39.962219,13.0,59,650.0,57.02,1,1,6,1996
116.403644,39.876598,1.0,1,199.0,52.87,1,1,6,1979
116.425856,39.90406,1.0,3,404.0,73.45,1,1,16,2008
116.420099,39.901616,5.0,11,260.0,29.76,1,1,7,2004
116.445818,39.945717,1.0,13,343.0,56.03,1,1,5,1986
116.443702,39.900208,1.0,6,453.0,88.18,1,1,18,2005
116.434583,39.931714,66.0,76,773.0,81.32,1,1,6,2003
116.432142,39.902354,1.0,14,318.0,60.06,1,1,17,2005
116.411885,39.87098,1.0,1,256.0,72.91,1,1,11,2002
116.421081,39.904828,4.0,3,1750.0,156.99,1,2,10,2004
116.407868,39.95802,1.0,14,520.0,79.89,1,1,6,1990
116.433321,39.906309,1.0,12,255.0,59.97,1,1,14,1980
116.404199,39.954132,96.0,19,360.0,40.29,1,1,6,1985
116.407868,39.95802,5.0,27,418.0,39.83,1,1,6,1979
116.414006,39.876414,11.0,28,585.0,98.0,1,1,6,1999
116.399108,39.876842,1.0,0,348.0,78.05,1,1,22,2010
116.444857,39.954789,1.0,2,400.0,45.86,1,1,27,2004
116.435055,39.941656,1.0,0,297.0,61.55,1,1,5,2002
116.437956,39.926419,1.0,24,535.0,91.16,1,1,16,2003
116.432142,39.902354,1.0,4,725.0,112.93,1,1,15,2008
116.418248,39.964378,1.0,0,200.0,32.49,1,1,5,1986
116.434144,39.892211,5.0,9,420.0,47.56,1,1,6,1993
116.43343,39.958449,1.0,13,418.0,67.75,1,1,6,1996
116.442022,39.893339,1.0,6,311.0,50.36,1,1,5,1979
116.414015,39.959857,1.0,0,408.0,162.24,1,1,12,1994
116.444278,39.938213,86.0,37,322.0,44.7,1,1,7,1990
116.42313,39.922524,1.0,1,395.0,69.44,1,1,6,1989
116.442531,39.89667,125.0,136,670.0,60.49,1,1,16,2008
116.421081,39.904828,68.0,14,1244.0,123.21,1,2,15,2006
116.41696,39.953572,1.0,2,366.0,57.65,1,1,5,1982
116.448876,39.901694,150.0,115,533.0,60.51,1,1,27,2004
116.4515,39.904606,1.0,2,498.0,112.0,1,1,21,2003
116.43868,39.941436,22.0,0,1180.0,208.78,1,3,22,2001
116.432862,39.948968,61.0,27,1155.0,116.78,1,1,14,2003
116.432142,39.902354,1.0,18,630.0,80.55,1,1,16,2004
116.444619,39.881579,1.0,1,345.0,62.79,1,1,16,2007
116.435611,39.948432,28.0,100,780.0,78.12,1,1,14,2002
116.4158,39.922472,1.0,18,325.0,47.41,1,1,4,1985
116.409433,39.880653,1.0,0,200.0,50.29,1,1,6,1982
116.439371,39.896367,1.0,0,327.0,55.15,1,1,17,1999
116.427002,39.962219,1.0,31,394.5,58.18,1,1,6,1996
116.418047,39.876106,1.0,38,258.0,41.95,1,1,6,1995
116.418938,39.946011,1.0,3,546.0,69.43,1,1,6,2002
116.455654,39.898084,15.0,31,440.0,49.45,1,1,18,2009
116.437847,39.933684,117.0,53,841.0,71.37,1,1,21,2003
116.432142,39.902354,1.0,9,559.0,59.65,1,1,12,2005
116.402567,39.869745,4.0,0,455.0,77.79,1,1,16,1999
116.441716,39.946158,1.0,3,415.0,80.76,1,1,26,2003
116.430437,39.890343,1.0,28,315.0,65.89,1,1,6,1987
116.41545,39.97708,31.0,18,375.0,47.5,1,1,6,1996
116.444721,39.890475,1.0,0,220.0,42.1,1,1,6,1992
116.405554,39.870561,1.0,3,324.0,79.88,1,1,21,1993
116.433321,39.906309,12.0,17,380.0,41.16,1,1,12,1984
116.41545,39.97708,15.0,1,613.0,65.82,1,1,6,1996
116.444857,39.954789,76.0,43,795.0,70.05,1,1,27,2004
116.430798,39.923454,1.0,0,298.0,20.1,0,0,1,1980
116.420099,39.901616,2.0,0,300.0,28.66,1,1,7,2004
116.452901,39.901073,132.0,47,878.0,110.95,1,1,22,2002
116.432835,39.957774,54.0,48,480.0,55.81,1,1,21,2003
116.437847,39.933684,40.0,43,915.0,71.68,1,1,21,2003
116.448783,39.894213,1.0,0,473.8,79.56,1,1,23,2006
116.418876,39.968393,19.0,22,622.0,57.1,1,1,6,1983
116.443318,39.942275,1.0,1,233.0,50.81,1,1,10,2003
116.4515,39.904606,1.0,2,690.0,155.47,1,2,21,2003
116.434254,39.935275,29.0,1,870.0,68.42,1,1,6,2003
116.434287,39.952814,1.0,4,383.0,57.12,1,1,6,1993
116.421263,39.946757,21.0,48,936.0,98.6,1,1,10,2003
116.414452,39.866869,88.0,136,315.0,48.98,1,1,6,1995
116.434355,39.933559,8.0,0,1180.0,118.76,1,2,6,2003
116.414452,39.866869,29.0,108,560.0,91.08,1,1,21,1995
116.420099,39.901616,1.0,4,140.0,28.28,1,1,7,2004
116.417991,39.956806,1.0,35,310.0,61.16,1,1,12,1990
116.4471,39.879796,12.0,15,1150.0,146.41,1,2,17,2004
116.407868,39.95802,1.0,0,415.0,45.37,1,1,6,1990
116.418047,39.876106,1.0,4,233.5,56.79,1,1,5,1980
116.429352,39.904538,101.0,183,718.5,103.7,1,1,16,2006
116.417962,39.949228,20.0,46,540.0,42.67,1,1,6,1988
116.428467,39.902511,5.0,52,223.0,22.06,0,0,16,2004
116.455654,39.898084,6.0,26,580.0,68.21,1,1,28,2009
116.443175,39.941889,28.0,24,700.0,68.81,1,1,14,1988
116.435511,39.946194,1.0,17,490.0,77.13,1,1,14,2003
116.444857,39.954789,39.0,11,723.0,100.0,1,1,24,2006
116.419242,39.875809,1.0,3,198.0,57.24,1,1,6,1980
116.413053,39.962564,56.0,47,453.0,67.55,1,1,5,1980
116.43345,39.944246,109.0,209,330.0,50.5,1,1,5,1986
116.455654,39.898084,132.0,303,375.0,62.0,1,1,28,2009
116.41416,39.957669,42.0,33,392.0,38.92,1,1,11,1983
116.443702,39.900208,1.0,0,235.0,67.55,1,1,18,2005
116.42911,39.956494,1.0,0,245.0,71.0,1,1,16,1992
116.429768,39.898926,20.0,43,860.0,76.76,1,1,17,2004
116.418047,39.876106,1.0,39,238.0,58.27,1,1,6,1982
116.4158,39.922472,29.0,57,585.0,47.41,1,1,4,1985
116.412685,39.866379,7.0,34,351.5,57.87,1,1,6,1985
116.429352,39.904538,1.0,26,498.0,88.87,1,1,16,2006
116.448783,39.894213,57.0,52,1535.0,165.81,1,2,23,2005
116.448876,39.901694,1.0,1,245.0,63.35,1,1,27,2004
116.436907,39.901554,1.0,0,325.0,72.74,1,1,17,2003
116.416543,39.869811,5.0,53,763.0,98.0,1,1,9,2005
116.408184,39.953334,1.0,0,215.0,55.55,1,1,6,1990
116.443318,39.942275,1.0,16,415.0,47.45,1,1,10,2003
116.435693,39.902993,1.0,5,520.0,107.83,1,1,18,2003
116.410078,39.96471,87.0,45,302.0,41.6,1,1,6,1990
116.399108,39.876842,39.0,1,630.0,61.03,1,1,22,2010
116.414356,39.869475,1.0,6,286.0,64.42,1,1,11,2005
116.420099,39.901616,1.0,0,102.0,28.27,1,1,7,2004
116.418443,39.866651,1.0,23,295.0,66.63,1,1,6,1984
116.443702,39.900208,1.0,13,268.0,47.86,1,1,18,2005
116.404412,39.952825,1.0,17,240.0,44.86,1,1,5,1988
116.448538,39.939798,1.0,0,320.0,62.97,1,1,6,1984
116.417021,39.97634,1.0,0,186.0,59.41,1,1,14,1996
116.435236,39.90518,370.0,414,500.0,49.71,1,1,6,1995
116.435611,39.948432,1.0,3,389.0,58.34,1,1,4,2002
116.400533,39.962226,21.0,30,480.0,56.88,1,1,6,1980
116.417352,39.93295,1.0,16,241.0,41.45,1,1,6,1985
116.417993,39.970747,44.0,18,442.0,58.53,1,1,6,1995
116.404734,39.960609,207.0,32,490.0,36.55,1,1,5,1986
116.448623,39.945062,1.0,1,490.0,47.94,1,1,22,2007
116.432388,39.95399,1.0,3,353.0,63.22,1,1,13,2003
116.43345,39.944246,44.0,16,588.0,65.01,1,1,16,1986
116.432142,39.902354,27.0,64,736.0,82.41,1,1,12,2004
116.400687,39.872287,110.0,136,195.0,37.3,1,1,15,2007
116.437956,39.926419,14.0,31,559.0,76.63,1,1,16,2006
116.404734,39.960609,1.0,10,283.8,54.47,1,1,5,1986
116.439746,39.905443,3.0,0,889.0,105.77,1,1,6,1994
116.444502,39.935082,10.0,16,580.0,54.95,1,1,6,1988
116.455654,39.898084,1.0,5,305.0,49.45,1,1,18,2009
116.411858,39.869364,1.0,0,255.0,66.72,1,1,12,2009
116.429352,39.904538,115.0,125,530.0,55.43,1,1,16,2006
116.418876,39.968393,55.0,35,570.0,66.1,1,1,6,1987
116.441716,39.946158,1.0,9,360.0,79.8,1,1,25,2003
116.427853,39.966824,1.0,48,395.0,60.2,1,1,5,1986
116.41545,39.97708,11.0,21,1210.0,128.36,1,1,6,2000
116.444278,39.938213,73.0,35,440.0,57.74,1,1,7,1990
116.443318,39.942275,78.0,138,760.0,87.26,1,1,10,2003
116.446244,39.897173,4.0,0,410.0,47.78,1,1,5,1978
116.448538,39.939798,56.0,0,553.0,57.64,1,1,6,1984
116.433321,39.906309,1.0,0,100.0,40.02,1,1,14,1980
116.448783,39.894213,38.0,38,945.0,104.79,1,1,23,2006
116.448783,39.894213,1.0,8,340.0,30.65,1,1,20,2004
116.418443,39.866651,1.0,13,170.0,51.68,1,1,6,1984
116.426526,39.964952,3.0,1,786.0,87.81,1,1,5,1990
116.399108,39.876842,8.0,3,1150.0,136.0,1,2,21,2010
116.440069,39.902423,20.0,5,995.0,85.6,1,1,11,2004
116.400687,39.872287,1.0,37,150.0,37.3,1,1,15,2007
116.435937,39.931833,1.0,3,880.0,129.23,1,2,6,1998
116.441716,39.946158,1.0,31,330.0,57.78,1,1,25,2003
116.435195,39.919148,1.0,14,327.5,57.55,1,1,6,1992
116.430212,39.88509,4.0,2,599.0,61.22,1,1,6,1999
116.408381,39.874173,1.0,6,507.0,124.86,1,2,12,2002
116.452901,39.901073,6.0,0,510.0,63.5,1,1,22,2002
116.429922,39.924343,7.0,8,668.0,51.73,1,1,5,1980
116.433321,39.906309,74.0,38,320.0,47.72,1,1,17,1980
116.414549,39.97239,3.0,0,485.0,46.83,1,1,16,1994
116.414206,39.923008,28.0,6,458.0,57.22,1,1,6,1988
116.436297,39.920238,8.0,25,440.0,30.19,1,1,7,1988
116.415381,39.909013,3.0,1,835.0,106.0,1,1,13,1990
116.407868,39.95802,1.0,12,295.0,58.38,1,1,6,1990
116.395254,39.872359,1.0,7,366.0,106.21,1,1,19,2001
116.411858,39.869364,55.0,274,390.0,50.97,1,1,12,2009
116.436598,39.957151,1.0,0,400.0,116.3,1,1,6,2000
116.419288,39.94506,14.0,17,503.0,33.78,1,1,6,1985
116.432835,39.957774,132.0,39,896.0,122.76,1,2,20,2003
116.444345,39.945375,8.0,12,550.0,59.35,1,1,5,1981
116.410078,39.96471,15.0,55,367.0,41.32,1,1,6,1990
116.455654,39.898084,35.0,135,568.0,71.43,1,1,29,2009
116.444278,39.938213,37.0,61,520.0,58.4,1,1,7,1990
116.445042,39.894679,1.0,9,415.0,64.0,1,1,18,2002
116.436666,39.932997,1.0,0,319.5,80.87,1,1,6,1990
116.414549,39.97239,1.0,0,230.0,46.83,1,1,16,1994
116.416543,39.869811,1.0,1,400.0,92.91,1,1,13,2006
116.433451,39.923705,34.0,37,659.0,80.32,1,1,11,2004
116.432764,39.932355,1.0,1,523.0,81.51,1,1,6,2003
116.400533,39.962226,130.0,21,519.0,43.21,1,1,16,1992
116.432388,39.95399,1.0,17,460.0,81.57,1,1,13,2003
116.405598,39.957975,29.0,104,588.0,70.21,1,1,6,1986
116.437896,39.901842,32.0,80,649.0,81.64,1,1,18,2003
116.437847,39.933684,93.0,50,868.0,71.37,1,1,21,2003
116.411359,39.964549,35.0,42,640.0,97.71,1,1,10,2004
116.395254,39.872359,7.0,11,386.0,71.47,1,1,19,2001
116.439746,39.905443,1.0,7,490.0,72.74,1,1,6,1994
116.422649,39.925049,1.0,2,346.0,51.41,1,1,5,1986
116.433722,39.926854,1.0,14,500.0,90.52,1,1,6,2003
116.416543,39.869811,1.0,5,518.0,116.18,1,2,9,2005
116.450229,39.946158,1.0,36,396.5,59.61,1,1,9,1998
116.449678,39.942406,65.0,45,439.0,96.45,1,1,10,2008
116.437281,39.918733,155.0,121,850.0,93.81,1,1,16,1992
116.445042,39.894679,1.0,9,235.0,46.12,1,1,12,2002
116.419086,39.945744,1.0,12,700.0,117.25,1,2,6,2002
116.434144,39.892211,1.0,28,185.0,47.56,1,1,6,1993
116.443702,39.900208,3.0,4,463.0,47.86,1,1,18,2005
116.427206,39.883008,38.0,146,380.0,45.46,1,1,6,1980
116.411359,39.964549,1.0,6,516.0,87.08,1,1,12,1996
116.444673,39.880008,8.0,11,464.0,53.98,1,1,16,2004
116.421263,39.946757,2.0,5,670.0,62.42,1,1,12,2003
116.427853,39.966824,1.0,1,495.0,77.72,1,1,5,1986
116.445042,39.894679,1.0,10,380.0,89.28,1,1,18,2002
116.450229,39.946158,37.0,28,490.0,66.85,1,1,6,1998
116.433451,39.923705,31.0,0,536.0,55.1,1,1,16,2004
116.421577,39.949708,14.0,17,612.0,54.53,1,1,6,1990
116.437956,39.926419,1.0,26,390.0,74.95,1,1,16,2003
116.443175,39.941889,9.0,0,543.0,56.82,1,1,6,1987
116.455654,39.898084,62.0,100,550.0,71.15,1,1,29,2009
116.45209,39.906053,157.0,6,735.0,70.69,1,1,22,2013
116.435879,39.901966,27.0,6,1020.0,108.0,1,1,17,2004
116.426265,39.949747,1.0,1,265.0,69.22,1,1,5,1988
116.435511,39.946194,52.0,128,663.0,60.01,1,1,14,2003
116.416894,39.894994,5.0,0,381.0,55.25,1,1,5,1978
116.444673,39.880008,1.0,17,468.0,127.01,1,2,16,2004
116.409688,39.958188,1.0,0,344.0,110.48,1,1,19,2006
116.434144,39.928568,151.0,66,725.0,96.05,1,1,6,2003
116.416543,39.869811,1.0,88,435.0,92.91,1,1,13,2006
116.43349,39.882446,1.0,45,267.0,53.49,1,1,6,1989
116.439371,39.896367,166.0,82,560.0,69.03,1,1,16,1999
116.402567,39.869745,20.0,11,518.0,87.77,1,1,6,1999
116.430437,39.890343,108.0,78,918.0,101.38,1,1,6,1987
116.444673,39.880008,1.0,1,269.0,69.7,1,1,14,2004
116.435055,39.941656,50.0,44,828.0,83.71,1,1,7,2003
116.443175,39.941889,1.0,12,450.0,87.02,1,1,6,1998
116.406799,39.876431,1.0,0,180.0,53.82,1,1,6,1982
116.404734,39.960609,48.0,118,605.0,56.46,1,1,5,1993
116.432142,39.902354,1.0,0,218.0,56.81,1,1,16,2004
116.400524,39.958938,64.0,62,568.0,66.65,1,1,12,1989
116.427853,39.966824,1.0,21,547.0,95.25,1,1,6,1995
116.437847,39.933684,18.0,33,670.0,47.99,1,1,21,2003
116.429352,39.904538,1.0,0,300.0,67.75,1,1,16,2006
116.441608,39.898639,139.0,134,475.0,57.16,1,1,6,1980
116.434144,39.892211,1.0,22,438.0,84.52,1,1,6,1993
116.437847,39.933684,1.0,1,435.0,48.04,1,1,10,2003
116.449756,39.934586,120.0,46,536.0,62.07,1,1,5,1992
116.441716,39.946158,1.0,0,429.0,111.49,1,2,25,2003
116.429885,39.954649,49.0,0,466.0,31.15,1,1,6,1988
116.42097,39.872978,1.0,2,174.0,42.17,1,1,6,1990
116.41148,39.94551,1.0,3,387.0,59.56,1,1,6,1987
116.4515,39.904606,1.0,21,347.0,75.55,1,1,21,2005
116.409688,39.958188,16.0,43,560.0,55.92,1,1,19,2006
116.430212,39.88509,1.0,12,378.0,78.0,1,1,6,1990
